,
Alberto Dossena,https://images.sportsbase.io/?url=https://www.footballcritic.com/images/no_player4.png&w=64&h=64&output=webp&q=60
Pietro Comuzzo,https://images.sportsbase.io/?url=https://www.footballcritic.com/images/no_player4.png&w=64&h=64&output=webp&q=60
Pantelís Chatzidiákos,https://images.sportsbase.io/?url=https://www.sportsbase.io/images/people/95513.png&w=64&h=64&output=webp&q=60
Davide Bettella,https://images.sportsbase.io/?url=https://www.sportsbase.io/images/people/152207.png&w=64&h=64&output=webp&q=60
Nicolò Casale,https://images.sportsbase.io/?url=https://www.sportsbase.io/images/people/159211.png&w=64&h=64&output=webp&q=60
Giorgio Cittadini,https://images.sportsbase.io/?url=https://www.sportsbase.io/images/people/361576.png&w=64&h=64&output=webp&q=60
Alessandro Buongiorno,https://images.sportsbase.io/?url=https://www.sportsbase.io/images/people/85149.png&w=64&h=64&output=webp&q=60
Pawel Dawidowicz,https://images.sportsbase.io/?url=https://www.sportsbase.io/images/people/38392.png&w=64&h=64&output=webp&q=60
Mattia Caldara,https://images.sportsbase.io/?url=https://www.sportsbase.io/images/people/42989.png&w=64&h=64&output=webp&q=60
Jaka Bijol,https://images.sportsbase.io/?url=https://www.sportsbase.io/images/people/194750.png&w=64&h=64&output=webp&q=60
Mattia Bani,https://images.sportsbase.io/?url=https://www.sportsbase.io/images/people/42913.png&w=64&h=64&output=webp&q=60
Diego Coppola,https://images.sportsbase.io/?url=https://www.sportsbase.io/images/people/509469.png&w=64&h=64&output=webp&q=60
Federico Baschirotto,https://images.sportsbase.io/?url=https://www.sportsbase.io/images/people/145933.png&w=64&h=64&output=webp&q=60
Natan,https://images.sportsbase.io/?url=https://www.sportsbase.io/images/people/379857.png&w=64&h=64&output=webp&q=60
Riccardo Calafiori,https://images.sportsbase.io/?url=https://www.sportsbase.io/images/people/279464.png&w=64&h=64&output=webp&q=60
Jérôme Boateng,https://images.sportsbase.io/?url=https://www.sportsbase.io/images/people/1120.png&w=64&h=64&output=webp&q=60
Bremer,https://images.sportsbase.io/?url=https://www.sportsbase.io/images/people/191684.png&w=64&h=64&output=webp&q=60
Sam Beukema,https://images.sportsbase.io/?url=https://www.sportsbase.io/images/people/200595.png&w=64&h=64&output=webp&q=60
Francesco Acerbi,https://images.sportsbase.io/?url=https://www.sportsbase.io/images/people/15324.png&w=64&h=64&output=webp&q=60
Davide Bartesaghi,https://images.sportsbase.io/?url=https://www.sportsbase.io/images/people/545287.png&w=64&h=64&output=webp&q=60
Kevin Bonifazi,https://images.sportsbase.io/?url=https://www.sportsbase.io/images/people/65666.png&w=64&h=64&output=webp&q=60
Jan-Carlo Šimić,https://images.sportsbase.io/?url=https://www.footballcritic.com/images/no_player4.png&w=64&h=64&output=webp&q=60
Stefan de Vrij,https://images.sportsbase.io/?url=https://www.sportsbase.io/images/people/11475.png&w=64&h=64&output=webp&q=60
Leo Østigård,https://images.sportsbase.io/?url=https://www.sportsbase.io/images/people/213323.png&w=64&h=64&output=webp&q=60
Radu Drăgușin,https://images.sportsbase.io/?url=https://www.sportsbase.io/images/people/283486.png&w=64&h=64&output=webp&q=60
Giangiacomo Magnani,https://images.sportsbase.io/?url=https://www.sportsbase.io/images/people/145880.png&w=64&h=64&output=webp&q=60
Lautaro Gianetti,https://images.sportsbase.io/?url=https://www.sportsbase.io/images/people/35242.png&w=64&h=64&output=webp&q=60
Matteo Lovato,https://images.sportsbase.io/?url=https://www.sportsbase.io/images/people/319952.png&w=64&h=64&output=webp&q=60
Marash Kumbulla,https://images.sportsbase.io/?url=https://www.sportsbase.io/images/people/152177.png&w=64&h=64&output=webp&q=60
Matteo Gabbia,https://images.sportsbase.io/?url=https://www.sportsbase.io/images/people/113488.png&w=64&h=64&output=webp&q=60
Axel Guessand,https://images.sportsbase.io/?url=https://www.sportsbase.io/images/people/432766.png&w=64&h=64&output=webp&q=60
Pierre Kalulu,https://images.sportsbase.io/?url=https://www.sportsbase.io/images/people/244741.png&w=64&h=64&output=webp&q=60
Gianluca Mancini,https://images.sportsbase.io/?url=https://www.sportsbase.io/images/people/46104.png&w=64&h=64&output=webp&q=60
Isak Hien,https://images.sportsbase.io/?url=https://www.sportsbase.io/images/people/189120.png&w=64&h=64&output=webp&q=60
Kostas Manolas,https://images.sportsbase.io/?url=https://www.sportsbase.io/images/people/11383.png&w=64&h=64&output=webp&q=60
Federico Gatti,https://images.sportsbase.io/?url=https://www.sportsbase.io/images/people/420987.png&w=64&h=64&output=webp&q=60
Ardian Ismajli,https://images.sportsbase.io/?url=https://www.sportsbase.io/images/people/123231.png&w=64&h=64&output=webp&q=60
Simon Kjær,https://images.sportsbase.io/?url=https://www.sportsbase.io/images/people/6508.png&w=64&h=64&output=webp&q=60
Martin Erlić,https://images.sportsbase.io/?url=https://www.sportsbase.io/images/people/53840.png&w=64&h=64&output=webp&q=60
Jhon Lucumí,https://images.sportsbase.io/?url=https://www.sportsbase.io/images/people/85938.png&w=64&h=64&output=webp&q=60
Diego Llorente,https://images.sportsbase.io/?url=https://www.sportsbase.io/images/people/46854.png&w=64&h=64&output=webp&q=60
Mario Gila,https://images.sportsbase.io/?url=https://www.sportsbase.io/images/people/279457.png&w=64&h=64&output=webp&q=60
Edoardo Goldaniga,https://images.sportsbase.io/?url=https://www.sportsbase.io/images/people/42831.png&w=64&h=64&output=webp&q=60
Tiago Djaló,https://images.sportsbase.io/?url=https://www.sportsbase.io/images/people/141902.png&w=64&h=64&output=webp&q=60
Gian Marco Ferrari,https://images.sportsbase.io/?url=https://www.sportsbase.io/images/people/42704.png&w=64&h=64&output=webp&q=60
Christian Kabasele,https://images.sportsbase.io/?url=https://www.sportsbase.io/images/people/23041.png&w=64&h=64&output=webp&q=60
Norbert Gyömbér,https://images.sportsbase.io/?url=https://www.sportsbase.io/images/people/16064.png&w=64&h=64&output=webp&q=60
Federico Fazio,https://images.sportsbase.io/?url=https://www.sportsbase.io/images/people/16806.png&w=64&h=64&output=webp&q=60
Dean Huijsen,https://images.sportsbase.io/?url=https://www.footballcritic.com/images/no_player4.png&w=64&h=64&output=webp&q=60
Patric,https://images.sportsbase.io/?url=https://www.sportsbase.io/images/people/43519.png&w=64&h=64&output=webp&q=60
Ilario Monterisi,https://images.sportsbase.io/?url=https://www.footballcritic.com/images/no_player4.png&w=64&h=64&output=webp&q=60
Pablo Marí,https://images.sportsbase.io/?url=https://www.sportsbase.io/images/people/350178.png&w=64&h=64&output=webp&q=60
Amir Rrahmani,https://images.sportsbase.io/?url=https://www.sportsbase.io/images/people/66663.png&w=64&h=64&output=webp&q=60
Malick Thiaw,https://images.sportsbase.io/?url=https://www.sportsbase.io/images/people/198892.png&w=64&h=64&output=webp&q=60
Lucas Martínez,https://images.sportsbase.io/?url=https://www.sportsbase.io/images/people/64003.png&w=64&h=64&output=webp&q=60
Triantafyllos Pasalidis,https://images.sportsbase.io/?url=https://www.footballcritic.com/images/no_player4.png&w=64&h=64&output=webp&q=60
José Luis Palomino,https://images.sportsbase.io/?url=https://www.sportsbase.io/images/people/16704.png&w=64&h=64&output=webp&q=60
Daniele Rugani,https://images.sportsbase.io/?url=https://www.sportsbase.io/images/people/15270.png&w=64&h=64&output=webp&q=60
Nehuén Pérez,https://images.sportsbase.io/?url=https://www.sportsbase.io/images/people/171060.png&w=64&h=64&output=webp&q=60
Przemysław Szymiński,https://images.sportsbase.io/?url=https://www.sportsbase.io/images/people/90710.png&w=64&h=64&output=webp&q=60
Saba Sazonov,https://images.sportsbase.io/?url=https://www.sportsbase.io/images/people/457366.png&w=64&h=64&output=webp&q=60
Luca Ranieri,https://images.sportsbase.io/?url=https://www.sportsbase.io/images/people/248134.png&w=64&h=64&output=webp&q=60
Kevin Miranda,https://images.sportsbase.io/?url=https://www.footballcritic.com/images/no_player4.png&w=64&h=64&output=webp&q=60
Caleb Okoli,https://images.sportsbase.io/?url=https://www.sportsbase.io/images/people/116138.png&w=64&h=64&output=webp&q=60
Perr Schuurs,https://images.sportsbase.io/?url=https://www.sportsbase.io/images/people/107898.png&w=64&h=64&output=webp&q=60
Lorenzo Pirola,https://images.sportsbase.io/?url=https://www.sportsbase.io/images/people/289791.png&w=64&h=64&output=webp&q=60
Nikola Milenković,https://images.sportsbase.io/?url=https://www.sportsbase.io/images/people/117191.png&w=64&h=64&output=webp&q=60
Juan Jesus,https://images.sportsbase.io/?url=https://www.sportsbase.io/images/people/5412.png&w=64&h=64&output=webp&q=60
Yerry Mina,https://images.sportsbase.io/?url=https://www.sportsbase.io/images/people/56087.png&w=64&h=64&output=webp&q=60
Evan N'Dicka,https://images.sportsbase.io/?url=https://www.sportsbase.io/images/people/134710.png&w=64&h=64&output=webp&q=60
Marco Pellegrino,https://images.sportsbase.io/?url=https://www.footballcritic.com/images/no_player4.png&w=64&h=64&output=webp&q=60
Alessio Romagnoli,https://images.sportsbase.io/?url=https://www.sportsbase.io/images/people/12230.png&w=64&h=64&output=webp&q=60
Marin Pongračić,https://images.sportsbase.io/?url=https://www.sportsbase.io/images/people/104139.png&w=64&h=64&output=webp&q=60
Simone Romagnoli,https://images.sportsbase.io/?url=https://www.sportsbase.io/images/people/42631.png&w=64&h=64&output=webp&q=60
Chris Smalling,https://images.sportsbase.io/?url=https://www.sportsbase.io/images/people/3463.png&w=64&h=64&output=webp&q=60
Ruan,https://images.sportsbase.io/?url=https://www.sportsbase.io/images/people/226098.png&w=64&h=64&output=webp&q=60
Sebastian Walukiewicz,https://images.sportsbase.io/?url=https://www.sportsbase.io/images/people/141560.png&w=64&h=64&output=webp&q=60
Mateusz Wieteska,https://images.sportsbase.io/?url=https://www.sportsbase.io/images/people/16391.png&w=64&h=64&output=webp&q=60
Ahmed Touba,https://images.sportsbase.io/?url=https://www.sportsbase.io/images/people/137420.png&w=64&h=64&output=webp&q=60
Fikayo Tomori,https://images.sportsbase.io/?url=https://www.sportsbase.io/images/people/28738.png&w=64&h=64&output=webp&q=60
Alessandro Vogliacco,https://images.sportsbase.io/?url=https://www.footballcritic.com/images/no_player4.png&w=64&h=64&output=webp&q=60
David Zima,https://images.sportsbase.io/?url=https://www.sportsbase.io/images/people/284929.png&w=64&h=64&output=webp&q=60
Danilo,https://images.sportsbase.io/?url=https://www.sportsbase.io/images/people/41588.png&w=64&h=64&output=webp&q=60
Mitchel Bakker,https://images.sportsbase.io/?url=https://www.sportsbase.io/images/people/144656.png&w=64&h=64&output=webp&q=60
Tajon Buchanan,https://images.sportsbase.io/?url=https://www.sportsbase.io/images/people/307432.png&w=64&h=64&output=webp&q=60
Juan David Cabal,https://images.sportsbase.io/?url=https://www.sportsbase.io/images/people/329049.png&w=64&h=64&output=webp&q=60
Dylan Bronn,https://images.sportsbase.io/?url=https://www.sportsbase.io/images/people/130483.png&w=64&h=64&output=webp&q=60
Mattia De Sciglio,https://images.sportsbase.io/?url=https://www.sportsbase.io/images/people/11320.png&w=64&h=64&output=webp&q=60
Dodô,https://images.sportsbase.io/?url=https://www.sportsbase.io/images/people/110932.png&w=64&h=64&output=webp&q=60
Zeki Çelik,https://images.sportsbase.io/?url=https://www.sportsbase.io/images/people/142518.png&w=64&h=64&output=webp&q=60
Fabien Centonze,https://images.sportsbase.io/?url=https://www.sportsbase.io/images/people/72898.png&w=64&h=64&output=webp&q=60
Davide Calabria,https://images.sportsbase.io/?url=https://www.sportsbase.io/images/people/52497.png&w=64&h=64&output=webp&q=60
Danilo D'Ambrosio,https://images.sportsbase.io/?url=https://www.sportsbase.io/images/people/5400.png&w=64&h=64&output=webp&q=60
Libby Cacace,https://images.sportsbase.io/?url=https://www.sportsbase.io/images/people/155537.png&w=64&h=64&output=webp&q=60
Davide Biraschi,https://images.sportsbase.io/?url=https://www.sportsbase.io/images/people/75931.png&w=64&h=64&output=webp&q=60
Patrick Dorgu,https://images.sportsbase.io/?url=https://www.sportsbase.io/images/people/545195.png&w=64&h=64&output=webp&q=60
Giovanni Bonfanti,https://images.sportsbase.io/?url=https://www.footballcritic.com/images/no_player4.png&w=64&h=64&output=webp&q=60
Bartosz Bereszyński,https://images.sportsbase.io/?url=https://www.sportsbase.io/images/people/16097.png&w=64&h=64&output=webp&q=60
Tommaso Corazza,https://images.sportsbase.io/?url=https://www.sportsbase.io/images/people/508961.png&w=64&h=64&output=webp&q=60
Cristiano Biraghi,https://images.sportsbase.io/?url=https://www.sportsbase.io/images/people/15171.png&w=64&h=64&output=webp&q=60
Victor Bernth Kristiansen,https://images.sportsbase.io/?url=https://www.sportsbase.io/images/people/310266.png&w=64&h=64&output=webp&q=60
Andrea Carboni,https://images.sportsbase.io/?url=https://www.sportsbase.io/images/people/375077.png&w=64&h=64&output=webp&q=60
Tommaso Augello,https://images.sportsbase.io/?url=https://www.sportsbase.io/images/people/146045.png&w=64&h=64&output=webp&q=60
Alessandro Bastoni,https://images.sportsbase.io/?url=https://www.sportsbase.io/images/people/112989.png&w=64&h=64&output=webp&q=60
Luca Caldirola,https://images.sportsbase.io/?url=https://www.sportsbase.io/images/people/5353.png&w=64&h=64&output=webp&q=60
Bruno Amione,https://images.sportsbase.io/?url=https://www.sportsbase.io/images/people/220900.png&w=64&h=64&output=webp&q=60
Flavius Daniliuc,https://images.sportsbase.io/?url=https://www.sportsbase.io/images/people/159990.png&w=64&h=64&output=webp&q=60
Koni De Winter,https://images.sportsbase.io/?url=https://www.sportsbase.io/images/people/361427.png&w=64&h=64&output=webp&q=60
Silvan Hefti,https://images.sportsbase.io/?url=https://www.sportsbase.io/images/people/82676.png&w=64&h=64&output=webp&q=60
Paulo Dentello,https://images.sportsbase.io/?url=https://www.footballcritic.com/images/no_player4.png&w=64&h=64&output=webp&q=60
Giulio Donati,https://images.sportsbase.io/?url=https://www.sportsbase.io/images/people/5457.png&w=64&h=64&output=webp&q=60
Elseid Hysaj,https://images.sportsbase.io/?url=https://www.sportsbase.io/images/people/15275.png&w=64&h=64&output=webp&q=60
Alejandro Jiménez,https://images.sportsbase.io/?url=https://www.sportsbase.io/images/people/521840.png&w=64&h=64&output=webp&q=60
Lorenzo De Silvestri,https://images.sportsbase.io/?url=https://www.sportsbase.io/images/people/5584.png&w=64&h=64&output=webp&q=60
Armando Izzo,https://images.sportsbase.io/?url=https://www.sportsbase.io/images/people/3540.png&w=64&h=64&output=webp&q=60
Valentin Gendrey,https://images.sportsbase.io/?url=https://www.sportsbase.io/images/people/224229.png&w=64&h=64&output=webp&q=60
Rick Karsdorp,https://images.sportsbase.io/?url=https://www.sportsbase.io/images/people/24610.png&w=64&h=64&output=webp&q=60
Alessandro Dellavalle,https://images.sportsbase.io/?url=https://www.footballcritic.com/images/no_player4.png&w=64&h=64&output=webp&q=60
Berat Djimsiti,https://images.sportsbase.io/?url=https://www.sportsbase.io/images/people/22929.png&w=64&h=64&output=webp&q=60
Alessandro Florenzi,https://images.sportsbase.io/?url=https://www.sportsbase.io/images/people/12228.png&w=64&h=64&output=webp&q=60
João Ferreira,https://images.sportsbase.io/?url=https://www.sportsbase.io/images/people/242555.png&w=64&h=64&output=webp&q=60
Tyronne Ebuehi,https://images.sportsbase.io/?url=https://www.sportsbase.io/images/people/24468.png&w=64&h=64&output=webp&q=60
Giovanni Di Lorenzo,https://images.sportsbase.io/?url=https://www.sportsbase.io/images/people/349765.png&w=64&h=64&output=webp&q=60
Thomas Kristensen,https://images.sportsbase.io/?url=https://www.sportsbase.io/images/people/421907.png&w=64&h=64&output=webp&q=60
Theo Hernández,https://images.sportsbase.io/?url=https://www.sportsbase.io/images/people/91971.png&w=64&h=64&output=webp&q=60
Enzo Ebossé,https://images.sportsbase.io/?url=https://www.sportsbase.io/images/people/134698.png&w=64&h=64&output=webp&q=60
Koffi Djidji,https://images.sportsbase.io/?url=https://www.sportsbase.io/images/people/16665.png&w=64&h=64&output=webp&q=60
Sead Kolašinac,https://images.sportsbase.io/?url=https://www.sportsbase.io/images/people/5250.png&w=64&h=64&output=webp&q=60
Antonino Gallo,https://images.sportsbase.io/?url=https://www.sportsbase.io/images/people/268576.png&w=64&h=64&output=webp&q=60
Josh Doig,https://images.sportsbase.io/?url=https://www.sportsbase.io/images/people/329783.png&w=64&h=64&output=webp&q=60
Alessandro Di Pardo,https://images.sportsbase.io/?url=https://www.sportsbase.io/images/people/207203.png&w=64&h=64&output=webp&q=60
Angeliño,https://images.sportsbase.io/?url=https://www.sportsbase.io/images/people/49019.png&w=64&h=64&output=webp&q=60
Alan Matturro,https://images.sportsbase.io/?url=https://www.sportsbase.io/images/people/531091.png&w=64&h=64&output=webp&q=60
Michael Kayode,https://images.sportsbase.io/?url=https://www.sportsbase.io/images/people/545542.png&w=64&h=64&output=webp&q=60
Giorgio Scalvini,https://images.sportsbase.io/?url=https://www.sportsbase.io/images/people/362426.png&w=64&h=64&output=webp&q=60
Junior Sambia,https://images.sportsbase.io/?url=https://www.sportsbase.io/images/people/26967.png&w=64&h=64&output=webp&q=60
Ricardo Rodriguez,https://images.sportsbase.io/?url=https://www.sportsbase.io/images/people/5529.png&w=64&h=64&output=webp&q=60
Benjamin Pavard,https://images.sportsbase.io/?url=https://www.sportsbase.io/images/people/5049.png&w=64&h=64&output=webp&q=60
Niccolò Pierozzi,https://images.sportsbase.io/?url=https://www.sportsbase.io/images/people/504958.png&w=64&h=64&output=webp&q=60
Adam Obert,https://images.sportsbase.io/?url=https://www.sportsbase.io/images/people/288252.png&w=64&h=64&output=webp&q=60
Pol Lirola,https://images.sportsbase.io/?url=https://www.sportsbase.io/images/people/95108.png&w=64&h=64&output=webp&q=60
Stefan Posch,https://images.sportsbase.io/?url=https://www.sportsbase.io/images/people/102879.png&w=64&h=64&output=webp&q=60
Nahitan Nández,https://images.sportsbase.io/?url=https://www.sportsbase.io/images/people/41365.png&w=64&h=64&output=webp&q=60
Adam Masina,https://images.sportsbase.io/?url=https://www.sportsbase.io/images/people/42538.png&w=64&h=64&output=webp&q=60
Yann Aurel Bisseck,https://images.sportsbase.io/?url=https://www.sportsbase.io/images/people/133361.png&w=64&h=64&output=webp&q=60
Luca Pellegrini,https://images.sportsbase.io/?url=https://www.sportsbase.io/images/people/96401.png&w=64&h=64&output=webp&q=60
Marcus Pedersen,https://images.sportsbase.io/?url=https://www.sportsbase.io/images/people/249794.png&w=64&h=64&output=webp&q=60
Babis Lykogiannis,https://images.sportsbase.io/?url=https://www.sportsbase.io/images/people/23526.png&w=64&h=64&output=webp&q=60
Rasmus Kristensen,https://images.sportsbase.io/?url=https://www.sportsbase.io/images/people/109371.png&w=64&h=64&output=webp&q=60
Sebastiano Luperto,https://images.sportsbase.io/?url=https://www.sportsbase.io/images/people/49124.png&w=64&h=64&output=webp&q=60
Mathías Olivera,https://images.sportsbase.io/?url=https://www.sportsbase.io/images/people/66168.png&w=64&h=64&output=webp&q=60
Fabiano Parisi,https://images.sportsbase.io/?url=https://www.sportsbase.io/images/people/341374.png&w=64&h=64&output=webp&q=60
Manuel Lazzari,https://images.sportsbase.io/?url=https://www.sportsbase.io/images/people/76585.png&w=64&h=64&output=webp&q=60
Anthony Oyono,https://images.sportsbase.io/?url=https://www.footballcritic.com/images/no_player4.png&w=64&h=64&output=webp&q=60
Adam Marušić,https://images.sportsbase.io/?url=https://www.sportsbase.io/images/people/23102.png&w=64&h=64&output=webp&q=60
Riccardo Marchizza,https://images.sportsbase.io/?url=https://www.sportsbase.io/images/people/94481.png&w=64&h=64&output=webp&q=60
Alex Sandro,https://images.sportsbase.io/?url=https://www.sportsbase.io/images/people/41595.png&w=64&h=64&output=webp&q=60
Mattia Viti,https://images.sportsbase.io/?url=https://www.sportsbase.io/images/people/371131.png&w=64&h=64&output=webp&q=60
Mário Rui,https://images.sportsbase.io/?url=https://www.sportsbase.io/images/people/15276.png&w=64&h=64&output=webp&q=60
Mërgim Vojvoda,https://images.sportsbase.io/?url=https://www.sportsbase.io/images/people/47869.png&w=64&h=64&output=webp&q=60
Rafael Tolói,https://images.sportsbase.io/?url=https://www.sportsbase.io/images/people/12249.png&w=64&h=64&output=webp&q=60
Jordan Zemura,https://images.sportsbase.io/?url=https://www.sportsbase.io/images/people/292154.png&w=64&h=64&output=webp&q=60
Adrien Tameze,https://images.sportsbase.io/?url=https://www.sportsbase.io/images/people/5048.png&w=64&h=64&output=webp&q=60
Djed Spence,https://images.sportsbase.io/?url=https://www.sportsbase.io/images/people/219385.png&w=64&h=64&output=webp&q=60
Johan Vásquez,https://images.sportsbase.io/?url=https://www.sportsbase.io/images/people/195302.png&w=64&h=64&output=webp&q=60
Alessandro Zanoli,https://images.sportsbase.io/?url=https://www.sportsbase.io/images/people/232127.png&w=64&h=64&output=webp&q=60
Filippo Terracciano,https://images.sportsbase.io/?url=https://www.sportsbase.io/images/people/405635.png&w=64&h=64&output=webp&q=60
Ruben Vinagre,https://images.sportsbase.io/?url=https://www.sportsbase.io/images/people/113126.png&w=64&h=64&output=webp&q=60
Matías Viña,https://images.sportsbase.io/?url=https://www.sportsbase.io/images/people/164728.png&w=64&h=64&output=webp&q=60
Mateus Lusuardi,https://images.sportsbase.io/?url=https://www.footballcritic.com/images/no_player4.png&w=64&h=64&output=webp&q=60
Brandon Soppy,https://images.sportsbase.io/?url=https://www.sportsbase.io/images/people/288871.png&w=64&h=64&output=webp&q=60
Leonardo Spinazzola,https://images.sportsbase.io/?url=https://www.sportsbase.io/images/people/2327.png&w=64&h=64&output=webp&q=60
Jeremy Toljan,https://images.sportsbase.io/?url=https://www.sportsbase.io/images/people/12498.png&w=64&h=64&output=webp&q=60
Gabriele Zappa,https://images.sportsbase.io/?url=https://www.sportsbase.io/images/people/213001.png&w=64&h=64&output=webp&q=60
Emanuele Valeri,https://images.sportsbase.io/?url=https://www.sportsbase.io/images/people/198690.png&w=64&h=64&output=webp&q=60
Jackson Tchatchoua,https://images.sportsbase.io/?url=https://www.sportsbase.io/images/people/440976.png&w=64&h=64&output=webp&q=60
Lorenzo Venuti,https://images.sportsbase.io/?url=https://www.sportsbase.io/images/people/42880.png&w=64&h=64&output=webp&q=60
Alfred Duncan,https://images.sportsbase.io/?url=https://www.sportsbase.io/images/people/5373.png&w=64&h=64&output=webp&q=60
Daniel Boloca,https://images.sportsbase.io/?url=https://www.sportsbase.io/images/people/185491.png&w=64&h=64&output=webp&q=60
Oussama El Azzouzi,https://images.sportsbase.io/?url=https://www.sportsbase.io/images/people/496130.png&w=64&h=64&output=webp&q=60
Nicolás Domínguez,https://images.sportsbase.io/?url=https://www.sportsbase.io/images/people/173311.png&w=64&h=64&output=webp&q=60
Diego Demme,https://images.sportsbase.io/?url=https://www.sportsbase.io/images/people/25962.png&w=64&h=64&output=webp&q=60
Raoul Bellanova,https://images.sportsbase.io/?url=https://www.sportsbase.io/images/people/112988.png&w=64&h=64&output=webp&q=60
Warren Bondo,https://images.sportsbase.io/?url=https://www.sportsbase.io/images/people/361456.png&w=64&h=64&output=webp&q=60
Michel Ndary Adopo,https://images.sportsbase.io/?url=https://www.sportsbase.io/images/people/248888.png&w=64&h=64&output=webp&q=60
Marten de Roon,https://images.sportsbase.io/?url=https://www.sportsbase.io/images/people/24687.png&w=64&h=64&output=webp&q=60
Ismael Bennacer,https://images.sportsbase.io/?url=https://www.sportsbase.io/images/people/51384.png&w=64&h=64&output=webp&q=60
Leander Dendoncker,https://images.sportsbase.io/?url=https://www.sportsbase.io/images/people/22963.png&w=64&h=64&output=webp&q=60
Alessandro Deiola,https://images.sportsbase.io/?url=https://www.sportsbase.io/images/people/73907.png&w=64&h=64&output=webp&q=60
Enzo Barrenechea,https://images.sportsbase.io/?url=https://www.footballcritic.com/images/no_player4.png&w=64&h=64&output=webp&q=60
Michel Aebischer,https://images.sportsbase.io/?url=https://www.sportsbase.io/images/people/132846.png&w=64&h=64&output=webp&q=60
Patrick Ciurria,https://images.sportsbase.io/?url=https://www.sportsbase.io/images/people/42945.png&w=64&h=64&output=webp&q=60
Mateusz Łęgowski,https://images.sportsbase.io/?url=https://www.footballcritic.com/images/no_player4.png&w=64&h=64&output=webp&q=60
Ondrej Duda,https://images.sportsbase.io/?url=https://www.sportsbase.io/images/people/16355.png&w=64&h=64&output=webp&q=60
Yacine Adli,https://images.sportsbase.io/?url=https://www.sportsbase.io/images/people/140867.png&w=64&h=64&output=webp&q=60
Éderson,https://images.sportsbase.io/?url=https://www.sportsbase.io/images/people/174994.png&w=64&h=64&output=webp&q=60
Matheus Henrique,https://images.sportsbase.io/?url=https://www.sportsbase.io/images/people/106930.png&w=64&h=64&output=webp&q=60
Samuele Birindelli,https://images.sportsbase.io/?url=https://www.sportsbase.io/images/people/148269.png&w=64&h=64&output=webp&q=60
Reda Belahyane,https://images.sportsbase.io/?url=https://www.sportsbase.io/images/people/432866.png&w=64&h=64&output=webp&q=60
Davide Faraoni,https://images.sportsbase.io/?url=https://www.sportsbase.io/images/people/53535.png&w=64&h=64&output=webp&q=60
Lassana Coulibaly,https://images.sportsbase.io/?url=https://www.sportsbase.io/images/people/73559.png&w=64&h=64&output=webp&q=60
Domagoj Bradarić,https://images.sportsbase.io/?url=https://www.sportsbase.io/images/people/220644.png&w=64&h=64&output=webp&q=60
Nicolas Haas,https://images.sportsbase.io/?url=https://www.sportsbase.io/images/people/1474.png&w=64&h=64&output=webp&q=60
Charlys,https://images.sportsbase.io/?url=https://www.footballcritic.com/images/no_player4.png&w=64&h=64&output=webp&q=60
Mattéo Guendouzi,https://images.sportsbase.io/?url=https://www.sportsbase.io/images/people/149592.png&w=64&h=64&output=webp&q=60
Karol Linetty,https://images.sportsbase.io/?url=https://www.sportsbase.io/images/people/21325.png&w=64&h=64&output=webp&q=60
Hans Hateboer,https://images.sportsbase.io/?url=https://www.sportsbase.io/images/people/24650.png&w=64&h=64&output=webp&q=60
Ivan Ilić,https://images.sportsbase.io/?url=https://www.sportsbase.io/images/people/152074.png&w=64&h=64&output=webp&q=60
Pasquale Mazzocchi,https://images.sportsbase.io/?url=https://www.sportsbase.io/images/people/146014.png&w=64&h=64&output=webp&q=60
Pablo Galdames,https://images.sportsbase.io/?url=https://www.sportsbase.io/images/people/29679.png&w=64&h=64&output=webp&q=60
Maxime López,https://images.sportsbase.io/?url=https://www.sportsbase.io/images/people/16566.png&w=64&h=64&output=webp&q=60
Giorgos Kyriakopoulos,https://images.sportsbase.io/?url=https://www.sportsbase.io/images/people/23381.png&w=64&h=64&output=webp&q=60
Valentino Lazaro,https://images.sportsbase.io/?url=https://www.sportsbase.io/images/people/13471.png&w=64&h=64&output=webp&q=60
Alberto Grassi,https://images.sportsbase.io/?url=https://www.sportsbase.io/images/people/3477.png&w=64&h=64&output=webp&q=60
Berkan Kutlu,https://images.sportsbase.io/?url=https://www.sportsbase.io/images/people/405090.png&w=64&h=64&output=webp&q=60
Remo Freuler,https://images.sportsbase.io/?url=https://www.sportsbase.io/images/people/22782.png&w=64&h=64&output=webp&q=60
Mohamed Kaba,https://images.sportsbase.io/?url=https://www.sportsbase.io/images/people/347034.png&w=64&h=64&output=webp&q=60
Manuel Locatelli,https://images.sportsbase.io/?url=https://www.sportsbase.io/images/people/58616.png&w=64&h=64&output=webp&q=60
Răzvan Marin,https://images.sportsbase.io/?url=https://www.sportsbase.io/images/people/31067.png&w=64&h=64&output=webp&q=60
Antoine Makoumbou,https://images.sportsbase.io/?url=https://www.footballcritic.com/images/no_player4.png&w=64&h=64&output=webp&q=60
Liam Henderson,https://images.sportsbase.io/?url=https://www.sportsbase.io/images/people/16372.png&w=64&h=64&output=webp&q=60
Rolando Mandragora,https://images.sportsbase.io/?url=https://www.sportsbase.io/images/people/3541.png&w=64&h=64&output=webp&q=60
Emmanuel Gyasi,https://images.sportsbase.io/?url=https://www.sportsbase.io/images/people/349690.png&w=64&h=64&output=webp&q=60
Emil Holm,https://images.sportsbase.io/?url=https://www.sportsbase.io/images/people/292348.png&w=64&h=64&output=webp&q=60
Justin Kumi,https://images.sportsbase.io/?url=https://www.footballcritic.com/images/no_player4.png&w=64&h=64&output=webp&q=60
Ibrahim Sulemana,https://images.sportsbase.io/?url=https://www.sportsbase.io/images/people/7796609.png&w=64&h=64&output=webp&q=60
Rade Krunić,https://images.sportsbase.io/?url=https://www.sportsbase.io/images/people/75108.png&w=64&h=64&output=webp&q=60
Szymon Zurkowski,https://images.sportsbase.io/?url=https://www.sportsbase.io/images/people/148296.png&w=64&h=64&output=webp&q=60
Matteo Ruggeri,https://images.sportsbase.io/?url=https://www.sportsbase.io/images/people/289839.png&w=64&h=64&output=webp&q=60
Matteo Pessina,https://images.sportsbase.io/?url=https://www.sportsbase.io/images/people/349610.png&w=64&h=64&output=webp&q=60
Giuseppe Pezzella,https://images.sportsbase.io/?url=https://www.sportsbase.io/images/people/89419.png&w=64&h=64&output=webp&q=60
Davide Zappacosta,https://images.sportsbase.io/?url=https://www.sportsbase.io/images/people/13390.png&w=64&h=64&output=webp&q=60
Nikola Moro,https://images.sportsbase.io/?url=https://www.sportsbase.io/images/people/63304.png&w=64&h=64&output=webp&q=60
Tommaso Pobega,https://images.sportsbase.io/?url=https://www.sportsbase.io/images/people/287348.png&w=64&h=64&output=webp&q=60
Nadir Zortea,https://images.sportsbase.io/?url=https://www.sportsbase.io/images/people/336250.png&w=64&h=64&output=webp&q=60
Pedro Pereira,https://images.sportsbase.io/?url=https://www.sportsbase.io/images/people/76805.png&w=64&h=64&output=webp&q=60
Pedro Obiang,https://images.sportsbase.io/?url=https://www.sportsbase.io/images/people/5592.png&w=64&h=64&output=webp&q=60
Ylber Ramadani,https://images.sportsbase.io/?url=https://www.sportsbase.io/images/people/113294.png&w=64&h=64&output=webp&q=60
Tijjani Reijnders,https://images.sportsbase.io/?url=https://www.sportsbase.io/images/people/100274.png&w=64&h=64&output=webp&q=60
Matteo Prati,https://images.sportsbase.io/?url=https://www.sportsbase.io/images/people/464821.png&w=64&h=64&output=webp&q=60
Suat Serdar,https://images.sportsbase.io/?url=https://www.sportsbase.io/images/people/73309.png&w=64&h=64&output=webp&q=60
Mario Pašalić,https://images.sportsbase.io/?url=https://www.sportsbase.io/images/people/11776.png&w=64&h=64&output=webp&q=60
Arthur,https://images.sportsbase.io/?url=https://www.sportsbase.io/images/people/68586.png&w=64&h=64&output=webp&q=60
Paul Pogba,https://images.sportsbase.io/?url=https://www.sportsbase.io/images/people/4421.png&w=64&h=64&output=webp&q=60